id,datetime,title,url
O8PyTMVIiV,2014-08-21 15:12:46 -0400,Trying to do this,you.com
AmJF94pbzY,2014-08-21 15:13:17 -0400,Just filling this out,yes.com/what/am/i/doing?
JRWmb24ZVz,2014-08-21 16:46:49 -0400,Carly,http://www.carojane.com
K9AcB5wZ1w,2014-08-21 17:05:52 -0400,carojane blog,carojane.com
iVbyxVPyDM,2014-08-21 17:19:05 -0400,hi,hi.com
AVwPMMZxUc,2014-08-21 17:19:32 -0400,yes,carojane.com
qaCPlrVRaZ,2014-08-21 17:24:07 -0400,hi,carojane.com
T5jr52W6oR,2014-08-21 17:24:22 -0400,hi,yahoo.com
lzHHl3vleB,2014-08-21 17:27:16 -0400,hi,google.com
